rank,conf_id,force_field,energy,not_converged
1,104,MMFF94s,71.03987918,0
2,17,MMFF94s,72.87388540,0
3,105,MMFF94s,73.30226704,0
4,69,MMFF94s,75.19985124,0
5,32,MMFF94s,75.37146486,0
6,12,MMFF94s,75.66976156,0
7,49,MMFF94s,75.94220973,0
8,100,MMFF94s,76.26132579,0
9,91,MMFF94s,76.26888790,0
10,8,MMFF94s,76.83254422,0
